Date,Temperature_C,Humidity_%,WindSpeed_m/s,Rainfall_mm
2019-01-01,21.73,72.19,2.55,0.0
2019-01-02,21.34,74.74,2.54,0.0
2019-01-03,22.07,73.04,2.54,0.0
2019-01-04,21.93,73.89,2.79,0.0
2019-01-05,22.38,73.21,2.46,0.0
2019-01-06,22.45,73.82,2.35,0.0
2019-01-07,23.34,73.32,2.24,0.0
2019-01-08,23.26,69.29,2.47,0.0
2019-01-09,22.53,70.56,2.2,0.0
2019-01-10,22.66,71.76,2.45,0.0
2019-01-11,23.15,71.84,2.5,0.0
2019-01-12,23.01,69.42,2.88,0.0
2019-01-13,23.39,73.67,2.66,0.0
2019-01-14,23.61,71.75,2.55,0.0
2019-01-15,23.48,66.65,2.77,0.11
2019-01-16,23.6,68.31,2.88,0.0
2019-01-17,23.19,68.96,2.57,0.0
2019-01-18,22.78,68.93,2.52,0.0
2019-01-19,22.75,68.69,2.3,0.0
2019-01-20,22.72,67.58,2.57,0.0
2019-01-21,22.88,67.08,2.33,0.0
2019-01-22,23.52,68.97,2.15,0.0
2019-01-23,24.58,69.12,2.32,0.0
2019-01-24,25.17,69.86,2.26,0.0
2019-01-25,26.23,70.87,1.96,0.0
2019-01-26,26.84,69.81,2.09,0.0
2019-01-27,26.78,66.57,2.35,0.0
2019-01-28,26.53,64.23,2.37,0.0
2019-01-29,26.08,63.57,3.19,0.0
2019-01-30,25.37,67.97,3.37,0.0
2019-01-31,25.28,67.08,3.01,0.0
2019-02-01,25.38,67.61,2.76,0.0
2019-02-02,25.95,65.61,2.77,0.0
2019-02-03,26.28,63.61,2.89,0.0
2019-02-04,26.68,67.31,3.43,0.32
2019-02-05,26.92,67.75,3.42,0.14
2019-02-06,26.68,62.75,2.74,0.0
2019-02-07,27.09,63.78,2.35,0.0
2019-02-08,28.27,62.24,1.84,0.0
2019-02-09,28.79,64.12,2.01,0.14
2019-02-10,28.31,64.8,2.59,0.32
2019-02-11,27.82,63.85,3.59,0.01
2019-02-12,27.19,63.62,3.83,0.0
2019-02-13,26.68,64.04,3.39,0.0
2019-02-14,27.5,66.86,3.19,0.0
2019-02-15,28.27,63.76,2.63,0.01
2019-02-16,29.26,58.66,1.88,0.0
2019-02-17,30.29,58.81,1.49,0.52
2019-02-18,30.18,60.07,2.32,1.23
2019-02-19,29.33,63.68,2.6,0.38
2019-02-20,28.42,62.76,3.08,0.01
2019-02-21,27.88,60.84,2.82,0.0
2019-02-22,26.75,57.46,2.78,0.0
2019-02-23,26.91,59.4,2.49,0.0
2019-02-24,27.24,59.95,2.51,0.0
2019-02-25,27.85,55.66,1.9,0.0
2019-02-26,29.19,57.87,1.84,0.0
2019-02-27,30.44,58.78,2.4,0.05
2019-02-28,30.41,58.0,1.94,0.05
2019-03-01,30.31,59.61,2.72,0.1
2019-03-02,29.45,57.22,3.25,0.09
2019-03-03,29.64,57.1,2.66,0.0
2019-03-04,29.97,54.25,2.06,0.0
2019-03-05,31.14,49.39,1.83,0.0
2019-03-06,31.84,48.64,2.53,0.0
2019-03-07,32.25,52.99,2.82,0.12
2019-03-08,31.62,55.79,2.84,0.0
2019-03-09,30.86,56.72,2.52,0.29
2019-03-10,31.02,55.33,2.81,0.06
2019-03-11,29.94,54.2,2.42,0.0
2019-03-12,28.96,53.56,2.45,0.0
2019-03-13,28.42,54.86,2.63,0.0
2019-03-14,28.89,50.26,2.69,0.0
2019-03-15,28.78,51.11,2.75,0.0
2019-03-16,28.81,58.45,2.71,0.0
2019-03-17,29.1,58.25,2.52,0.0
2019-03-18,29.86,57.58,2.65,0.0
2019-03-19,30.57,55.07,2.52,0.0
2019-03-20,30.03,55.81,2.51,0.0
2019-03-21,29.47,56.01,2.32,0.0
2019-03-22,30.45,55.26,2.18,0.0
2019-03-23,31.16,54.37,2.14,0.0
2019-03-24,31.39,50.0,2.12,0.0
2019-03-25,30.89,49.24,2.51,0.0
2019-03-26,30.28,52.3,2.51,0.0
2019-03-27,29.81,49.35,1.84,0.0
2019-03-28,30.47,48.49,2.22,0.0
2019-03-29,31.66,38.42,2.08,0.0
2019-03-30,31.55,45.54,2.35,0.0
2019-03-31,32.15,43.99,1.67,0.0
2019-04-01,32.29,48.65,2.68,0.0
2019-04-02,31.56,51.63,2.57,0.0
2019-04-03,31.14,52.94,2.78,0.0
2019-04-04,31.28,53.71,2.46,0.0
2019-04-05,32.23,51.12,2.22,0.0
2019-04-06,31.88,47.65,2.23,0.0
2019-04-07,32.03,51.89,2.46,0.0
2019-04-08,32.54,53.23,2.63,0.03
2019-04-09,32.7,52.59,2.78,0.11
2019-04-10,32.33,54.05,2.57,0.0
2019-04-11,32.13,52.22,2.12,0.0
2019-04-12,32.52,49.43,2.33,0.0
2019-04-13,31.89,49.61,2.31,0.0
2019-04-14,31.88,46.79,2.26,0.0
2019-04-15,32.38,45.85,2.16,0.0
2019-04-16,32.92,47.05,2.74,0.22
2019-04-17,32.26,42.02,1.96,0.5
2019-04-18,31.93,54.76,2.43,0.47
2019-04-19,32.51,53.8,2.09,1.22
2019-04-20,31.71,55.95,2.71,6.38
2019-04-21,31.76,56.39,1.68,1.2
2019-04-22,32.87,52.23,1.97,4.91
2019-04-23,31.87,55.78,2.01,0.81
2019-04-24,31.07,52.76,1.67,0.04
2019-04-25,32.15,51.34,1.67,0.05
2019-04-26,32.25,51.4,1.84,0.09
2019-04-27,32.53,53.9,2.36,0.0
2019-04-28,32.99,52.24,2.17,0.0
2019-04-29,33.07,52.65,1.94,0.22
2019-04-30,32.26,55.03,3.25,0.34
2019-05-01,31.72,53.81,3.71,1.1
2019-05-02,34.09,44.22,3.2,0.0
2019-05-03,34.09,40.63,2.83,0.0
2019-05-04,34.23,42.27,2.11,0.0
2019-05-05,34.28,44.93,2.48,0.04
2019-05-06,33.69,51.33,2.73,0.02
2019-05-07,33.45,51.91,2.58,1.02
2019-05-08,30.06,59.91,3.06,1.54
2019-05-09,31.81,53.96,2.75,0.89
2019-05-10,33.12,52.44,2.38,0.22
2019-05-11,33.7,52.77,2.41,0.0
2019-05-12,33.99,52.54,2.34,0.02
2019-05-13,34.19,48.37,1.73,0.09
2019-05-14,35.07,44.17,2.1,0.29
2019-05-15,34.22,48.83,1.31,1.25
2019-05-16,33.54,51.41,1.78,0.53
2019-05-17,33.67,54.78,1.37,4.04
2019-05-18,32.59,57.84,1.66,1.67
2019-05-19,33.25,55.32,2.61,0.13
2019-05-20,33.06,52.94,2.69,0.0
2019-05-21,32.68,55.24,2.55,0.0
2019-05-22,32.88,54.89,2.17,0.07
2019-05-23,33.36,56.12,2.54,0.17
2019-05-24,33.23,52.3,2.39,0.14
2019-05-25,33.3,51.74,3.1,0.17
2019-05-26,33.4,50.93,2.77,0.12
2019-05-27,34.11,51.9,2.41,0.09
2019-05-28,33.81,53.97,2.04,0.79
2019-05-29,32.56,57.95,1.7,1.36
2019-05-30,32.41,56.9,1.99,4.12
2019-05-31,30.39,61.91,3.38,1.84
2019-06-01,31.79,56.21,2.26,0.36
2019-06-02,31.55,59.97,2.67,3.56
2019-06-03,29.9,65.89,2.34,0.61
2019-06-04,30.5,66.47,2.45,7.82
2019-06-05,29.94,69.72,2.66,10.76
2019-06-06,29.52,72.55,1.92,0.31
2019-06-07,30.52,70.06,2.05,1.09
2019-06-08,30.74,64.13,2.29,0.24
2019-06-09,30.79,59.25,4.11,1.52
2019-06-10,30.41,60.39,3.68,0.05
2019-06-11,30.85,58.46,3.99,0.05
2019-06-12,30.84,59.12,3.75,0.0
2019-06-13,30.78,60.75,4.05,0.45
2019-06-14,30.99,52.44,4.59,0.26
2019-06-15,31.92,47.27,3.8,2.17
2019-06-16,31.75,57.17,2.99,0.38
2019-06-17,32.27,54.0,3.9,0.0
2019-06-18,30.98,56.25,3.28,0.11
2019-06-19,31.49,56.32,4.06,0.06
2019-06-20,32.14,50.32,4.73,0.01
2019-06-21,30.95,52.56,4.01,0.05
2019-06-22,30.31,60.9,4.62,0.04
2019-06-23,31.08,54.9,4.74,0.13
2019-06-24,32.5,51.52,3.88,0.47
2019-06-25,31.23,57.52,2.71,1.93
2019-06-26,29.96,63.92,2.4,2.44
2019-06-27,30.65,59.75,3.6,0.19
2019-06-28,32.06,53.45,4.55,0.0
2019-06-29,32.17,52.09,5.12,0.0
2019-06-30,31.45,53.08,5.24,0.0
2019-07-01,32.18,52.91,4.72,0.0
2019-07-02,30.83,57.86,4.92,0.0
2019-07-03,31.08,57.5,4.41,0.18
2019-07-04,30.72,59.51,4.16,1.09
2019-07-05,31.09,55.98,4.62,0.12
2019-07-06,30.88,56.54,4.56,0.0
2019-07-07,30.83,56.01,4.27,0.0
2019-07-08,31.48,55.32,4.13,0.0
2019-07-09,30.82,56.56,3.81,0.39
2019-07-10,29.73,57.33,3.01,7.14
2019-07-11,30.42,55.63,2.43,0.33
2019-07-12,30.72,53.76,1.74,0.23
2019-07-13,30.54,57.31,1.73,1.96
2019-07-14,29.79,63.78,2.15,6.14
2019-07-15,29.63,62.43,3.16,3.87
2019-07-16,29.7,61.21,3.28,0.34
2019-07-17,30.1,58.27,3.15,1.43
2019-07-18,28.18,67.55,3.1,7.63
2019-07-19,27.29,73.54,3.05,1.05
2019-07-20,28.76,63.73,4.49,0.03
2019-07-21,29.5,60.27,4.74,0.17
2019-07-22,27.63,69.25,3.41,1.47
2019-07-23,28.89,63.29,3.95,5.58
2019-07-24,29.43,62.49,3.25,0.41
2019-07-25,28.93,63.02,3.53,6.14
2019-07-26,28.5,64.57,3.57,1.77
2019-07-27,29.6,60.06,3.1,0.01
2019-07-28,30.14,57.41,4.12,0.16
2019-07-29,29.44,60.27,3.84,0.63
2019-07-30,30.24,55.38,3.56,0.15
2019-07-31,29.64,55.97,2.89,0.0
2019-08-01,31.0,55.41,3.43,0.0
2019-08-02,30.3,56.0,4.35,0.0
2019-08-03,30.4,52.64,4.16,0.0
2019-08-04,30.66,54.55,4.68,0.28
2019-08-05,29.91,54.95,5.16,0.74
2019-08-06,29.35,55.87,5.07,0.7
2019-08-07,28.82,61.49,5.57,1.52
2019-08-08,28.47,66.35,5.56,3.75
2019-08-09,28.31,67.55,5.18,2.77
2019-08-10,28.86,62.11,4.75,0.06
2019-08-11,29.59,58.4,4.69,0.01
2019-08-12,30.45,55.21,4.47,0.65
2019-08-13,29.59,60.28,3.69,3.06
2019-08-14,29.49,65.73,4.31,2.82
2019-08-15,30.28,58.46,3.37,0.33
2019-08-16,28.86,65.5,3.23,12.05
2019-08-17,26.06,80.7,2.5,21.65
2019-08-18,25.7,81.87,2.08,7.1
2019-08-19,27.59,78.92,1.62,33.1
2019-08-20,27.71,77.79,2.36,7.35
2019-08-21,26.97,79.93,2.71,10.39
2019-08-22,26.6,78.03,3.06,4.24
2019-08-23,26.88,70.31,3.93,2.85
2019-08-24,27.0,69.41,3.2,0.13
2019-08-25,27.3,68.48,3.29,2.75
2019-08-26,27.39,70.79,3.15,0.72
2019-08-27,28.63,65.15,3.56,0.0
2019-08-28,28.82,63.56,3.29,0.81
2019-08-29,27.02,73.21,3.03,4.07
2019-08-30,28.0,65.58,3.68,0.22
2019-08-31,27.7,67.61,3.86,1.46
2019-09-01,28.07,70.15,2.88,0.37
2019-09-02,27.48,74.4,2.68,3.56
2019-09-03,28.04,70.98,3.22,2.78
2019-09-04,28.22,68.7,3.8,2.23
2019-09-05,28.54,66.48,4.03,0.38
2019-09-06,28.67,68.03,3.98,0.12
2019-09-07,29.5,64.21,4.22,0.0
2019-09-08,29.33,62.68,4.06,0.01
2019-09-09,28.58,63.23,3.05,0.0
2019-09-10,29.63,65.98,2.36,1.31
2019-09-11,27.69,78.47,1.92,11.9
2019-09-12,26.82,80.4,1.88,7.65
2019-09-13,26.49,80.95,1.78,15.4
2019-09-14,27.69,74.21,1.96,3.72
2019-09-15,28.05,73.04,2.32,7.07
2019-09-16,27.76,77.13,2.62,20.18
2019-09-17,27.3,76.96,2.15,16.6
2019-09-18,27.39,80.21,1.89,10.67
2019-09-19,26.61,81.71,2.22,17.12
2019-09-20,25.26,80.68,2.02,0.87
2019-09-21,27.18,80.01,1.32,1.59
2019-09-22,26.33,86.24,1.17,4.07
2019-09-23,25.58,91.28,1.1,23.72
2019-09-24,25.86,87.52,1.43,13.53
2019-09-25,25.64,88.99,2.97,9.6
2019-09-26,26.06,83.92,2.21,2.47
2019-09-27,26.28,80.65,1.58,0.33
2019-09-28,26.89,80.71,1.3,1.04
2019-09-29,25.91,84.66,1.48,2.62
2019-09-30,25.44,86.33,1.48,13.24
2019-10-01,26.9,78.08,1.12,0.91
2019-10-02,26.65,83.5,1.18,0.59
2019-10-03,26.57,83.63,1.23,0.15
2019-10-04,27.06,80.87,0.88,0.43
2019-10-05,26.87,82.16,1.34,1.56
2019-10-06,26.28,83.97,1.43,1.08
2019-10-07,26.66,82.4,1.22,5.66
2019-10-08,26.77,82.86,1.11,0.98
2019-10-09,27.34,81.36,1.48,0.38
2019-10-10,26.95,83.3,1.83,0.23
2019-10-11,26.24,84.9,1.32,1.0
2019-10-12,26.34,82.78,1.15,1.86
2019-10-13,26.6,84.5,1.37,4.48
2019-10-14,26.6,85.04,1.39,2.97
2019-10-15,26.25,88.14,1.51,6.27
2019-10-16,25.39,90.34,1.65,19.03
2019-10-17,25.69,87.07,1.83,14.28
2019-10-18,25.84,87.68,1.03,4.51
2019-10-19,25.2,90.4,1.49,3.46
2019-10-20,25.32,91.55,1.88,9.18
2019-10-21,25.29,90.5,1.57,20.85
2019-10-22,25.63,87.86,1.46,11.27
2019-10-23,25.41,88.13,1.67,19.11
2019-10-24,25.09,87.77,2.31,2.38
2019-10-25,24.86,85.6,1.43,0.52
2019-10-26,24.96,88.03,1.43,0.08
2019-10-27,24.98,88.16,0.9,2.9
2019-10-28,25.2,89.02,1.37,9.24
2019-10-29,24.54,90.13,2.0,13.27
2019-10-30,24.8,92.75,2.01,25.94
2019-10-31,24.91,92.54,2.01,6.37
2019-11-01,25.58,88.62,1.14,0.52
2019-11-02,25.24,88.25,1.15,0.11
2019-11-03,25.11,89.7,1.3,3.62
2019-11-04,25.26,86.11,1.34,0.56
2019-11-05,26.0,80.96,1.0,0.0
2019-11-06,26.58,81.84,0.61,0.06
2019-11-07,26.12,86.98,0.87,2.17
2019-11-08,26.03,88.29,0.67,7.57
2019-11-09,25.57,89.91,1.02,10.72
2019-11-10,26.52,84.62,0.93,0.23
2019-11-11,25.74,85.61,1.16,0.2
2019-11-12,24.97,87.46,1.9,0.03
2019-11-13,24.99,87.3,2.3,0.61
2019-11-14,25.36,88.36,2.09,3.4
2019-11-15,25.5,88.77,2.19,3.06
2019-11-16,25.54,88.09,2.0,3.44
2019-11-17,25.61,86.98,2.05,1.0
2019-11-18,25.75,88.92,2.3,6.91
2019-11-19,25.69,86.9,1.59,2.61
2019-11-20,25.33,89.47,1.83,3.73
2019-11-21,25.48,88.31,2.18,3.18
2019-11-22,24.82,89.59,2.74,6.63
2019-11-23,24.38,87.31,3.23,4.12
2019-11-24,24.77,87.85,2.58,2.17
2019-11-25,24.66,87.13,3.08,1.56
2019-11-26,24.79,86.11,2.8,3.3
2019-11-27,25.68,86.92,2.88,7.81
2019-11-28,25.67,90.36,2.65,19.56
2019-11-29,25.66,90.09,3.01,19.68
2019-11-30,24.84,93.86,2.89,26.79
2019-12-01,24.75,95.07,1.79,20.49
2019-12-02,24.97,90.32,2.13,8.44
2019-12-03,24.68,89.74,2.72,2.42
2019-12-04,24.24,88.07,3.02,0.32
2019-12-05,23.82,86.9,3.2,0.85
2019-12-06,23.49,87.07,3.41,0.79
2019-12-07,24.06,87.85,3.15,6.57
2019-12-08,23.62,85.93,2.39,0.43
2019-12-09,23.36,86.34,2.43,0.01
2019-12-10,23.13,85.35,2.39,0.0
2019-12-11,23.44,85.25,2.07,0.0
2019-12-12,23.87,87.53,2.55,0.43
2019-12-13,24.59,89.23,2.69,11.47
2019-12-14,24.84,89.22,3.06,10.4
2019-12-15,23.85,88.26,2.42,1.3
2019-12-16,23.83,89.71,2.19,1.17
2019-12-17,24.12,87.74,3.02,1.2
2019-12-18,24.09,88.14,2.96,0.25
2019-12-19,24.2,86.96,2.94,0.14
2019-12-20,24.18,86.78,2.85,0.05
2019-12-21,23.08,87.71,2.05,0.0
2019-12-22,23.58,85.48,2.22,0.05
2019-12-23,23.34,84.95,2.39,0.01
2019-12-24,23.67,89.33,2.51,12.37
2019-12-25,24.38,88.91,2.83,2.74
2019-12-26,23.79,85.75,1.86,0.03
2019-12-27,23.21,84.94,1.86,0.0
2019-12-28,23.11,84.96,1.9,0.0
2019-12-29,23.65,86.13,2.23,0.01
2019-12-30,23.7,86.63,2.15,0.56
2019-12-31,24.22,85.79,2.06,0.15
2020-01-01,24.75,86.35,2.15,0.32
2020-01-02,25.29,86.02,1.98,0.05
2020-01-03,25.41,85.89,1.68,0.0
2020-01-04,25.84,84.54,1.53,0.0
2020-01-05,25.56,84.64,1.99,0.04
2020-01-06,24.82,85.6,2.47,1.23
2020-01-07,24.46,84.55,2.34,0.87
2020-01-08,24.25,81.17,2.17,0.14
2020-01-09,23.39,78.27,1.92,0.0
2020-01-10,23.08,80.52,2.31,0.0
2020-01-11,22.63,78.89,2.44,0.0
2020-01-12,23.31,79.71,2.37,0.0
2020-01-13,23.18,78.52,2.08,0.0
2020-01-14,22.58,74.23,1.88,0.0
2020-01-15,22.27,75.13,2.03,0.0
2020-01-16,23.43,75.02,1.71,0.0
2020-01-17,24.38,80.87,2.13,0.22
2020-01-18,25.2,84.23,2.43,5.11
2020-01-19,24.88,80.99,2.53,0.7
2020-01-20,24.53,78.35,2.37,0.0
2020-01-21,23.96,77.02,2.7,0.02
2020-01-22,24.44,78.22,3.11,0.02
2020-01-23,25.07,78.81,3.14,0.02
2020-01-24,23.73,74.68,2.64,0.0
2020-01-25,23.0,70.79,2.0,0.0
2020-01-26,23.58,72.84,1.81,0.0
2020-01-27,23.96,72.25,1.58,0.0
2020-01-28,24.83,72.91,1.69,0.0
2020-01-29,25.19,72.11,1.61,0.0
2020-01-30,25.4,71.94,1.61,0.0
2020-01-31,25.3,73.46,1.85,0.0
2020-02-01,25.17,74.99,2.05,0.0
2020-02-02,25.02,70.94,2.53,0.0
2020-02-03,24.87,69.73,2.52,0.0
2020-02-04,25.33,71.29,2.5,0.01
2020-02-05,25.57,67.72,2.52,0.01
2020-02-06,25.18,67.0,2.29,0.0
2020-02-07,25.68,68.16,2.31,0.0
2020-02-08,26.23,66.3,1.76,0.0
2020-02-09,26.12,68.32,2.31,0.01
2020-02-10,25.97,70.13,2.96,0.05
2020-02-11,26.12,67.44,3.18,0.02
2020-02-12,26.07,70.04,3.39,0.05
2020-02-13,26.05,65.21,2.98,0.0
2020-02-14,25.99,65.64,2.18,0.0
2020-02-15,26.52,61.62,2.03,0.0
2020-02-16,25.59,62.24,2.49,0.0
2020-02-17,25.77,64.17,2.59,0.0
2020-02-18,25.16,63.02,2.57,0.0
2020-02-19,24.61,66.85,2.2,0.0
2020-02-20,25.06,66.35,2.68,0.0
2020-02-21,25.99,70.81,3.38,0.09
2020-02-22,27.41,67.76,3.96,0.11
2020-02-23,26.66,68.12,3.28,0.0
2020-02-24,26.86,67.25,2.78,0.0
2020-02-25,27.74,66.87,2.39,0.0
2020-02-26,27.74,65.35,2.66,0.0
2020-02-27,27.82,65.8,2.61,0.0
2020-02-28,28.11,62.87,3.02,0.0
2020-02-29,27.8,62.84,2.58,0.0
2020-03-01,28.28,59.48,2.59,0.01
2020-03-02,28.99,54.6,1.73,0.01
2020-03-03,29.74,49.49,1.16,0.01
2020-03-04,30.23,51.75,1.41,0.01
2020-03-05,29.75,52.6,2.38,0.0
2020-03-06,29.45,60.64,2.53,0.0
2020-03-07,29.68,62.95,3.11,0.0
2020-03-08,29.92,60.7,2.58,0.12
2020-03-09,29.76,57.09,2.46,0.0
2020-03-10,29.57,56.17,2.51,0.0
2020-03-11,29.25,55.58,1.96,0.0
2020-03-12,29.15,54.56,2.31,0.0
2020-03-13,28.75,59.69,2.64,0.0
2020-03-14,29.33,60.36,2.77,0.0
2020-03-15,29.28,58.61,3.05,0.0
2020-03-16,29.84,59.74,3.03,0.0
2020-03-17,29.57,59.6,2.95,0.0
2020-03-18,30.06,58.5,2.54,0.0
2020-03-19,30.4,54.95,2.25,0.0
2020-03-20,30.68,53.56,2.09,0.03
2020-03-21,31.01,51.82,2.45,0.06
2020-03-22,31.42,50.96,2.37,0.0
2020-03-23,30.88,51.67,2.59,0.0
2020-03-24,30.43,54.62,2.74,0.0
2020-03-25,30.33,55.55,2.51,0.0
2020-03-26,30.04,55.89,2.92,0.0
2020-03-27,29.83,56.03,2.93,0.0
2020-03-28,30.03,52.71,2.1,0.0
2020-03-29,30.0,49.98,2.01,0.0
2020-03-30,29.66,47.81,2.39,0.0
2020-03-31,29.62,53.74,2.56,0.0
2020-04-01,30.22,54.94,2.44,0.0
2020-04-02,31.0,55.86,2.6,0.0
2020-04-03,30.77,55.95,2.43,0.0
2020-04-04,30.9,56.71,2.39,0.16
2020-04-05,31.07,61.3,2.43,1.81
2020-04-06,31.38,59.59,2.28,0.12
2020-04-07,30.94,56.92,1.64,0.72
2020-04-08,31.57,57.05,2.03,1.26
2020-04-09,31.14,58.3,2.48,4.48
2020-04-10,30.65,57.2,2.58,0.74
2020-04-11,30.73,56.35,2.46,0.01
2020-04-12,30.84,52.78,2.26,0.0
2020-04-13,31.2,51.44,2.09,0.0
2020-04-14,31.32,51.71,2.43,0.0
2020-04-15,31.5,53.98,2.43,0.0
2020-04-16,31.9,54.34,2.14,0.02
2020-04-17,32.31,53.46,2.46,0.14
2020-04-18,32.63,53.32,2.65,0.08
2020-04-19,32.05,55.97,2.79,0.46
2020-04-20,31.85,56.26,2.77,0.09
2020-04-21,32.36,53.05,2.44,0.0
2020-04-22,33.02,50.83,2.46,0.01
2020-04-23,33.47,51.65,2.51,0.73
2020-04-24,32.6,57.22,3.16,0.06
2020-04-25,32.17,59.51,2.27,0.66
2020-04-26,30.33,65.91,2.09,2.78
2020-04-27,31.13,63.17,1.82,2.8
2020-04-28,30.42,64.2,1.98,1.64
2020-04-29,30.7,63.1,1.02,1.82
2020-04-30,31.03,57.39,1.56,0.15
2020-05-01,32.75,51.83,2.09,0.08
2020-05-02,33.05,53.29,2.27,0.57
2020-05-03,32.8,54.37,2.31,0.68
2020-05-04,33.21,51.43,2.31,0.0
2020-05-05,33.35,48.71,2.74,0.0
2020-05-06,32.53,56.23,3.0,0.05
2020-05-07,32.87,52.94,3.45,0.27
2020-05-08,32.44,55.81,2.93,0.2
2020-05-09,32.78,55.73,2.87,0.2
2020-05-10,32.77,54.93,2.47,0.42
2020-05-11,31.21,60.01,2.24,1.02
2020-05-12,30.44,57.14,2.59,0.75
2020-05-13,31.8,48.63,2.15,1.45
2020-05-14,32.98,52.37,1.93,0.07
2020-05-15,33.1,52.15,1.78,0.4
2020-05-16,32.99,49.82,2.08,0.11
2020-05-17,32.88,53.09,2.33,4.15
2020-05-18,31.76,55.25,4.88,0.54
2020-05-19,32.95,50.46,5.01,0.01
2020-05-20,33.78,47.84,4.45,0.0
2020-05-21,32.99,46.03,3.86,0.07
2020-05-22,34.39,43.78,2.78,0.0
2020-05-23,35.26,44.41,2.55,0.01
2020-05-24,34.65,47.89,2.27,0.63
2020-05-25,33.62,51.75,2.22,0.31
2020-05-26,33.55,50.95,2.2,0.07
2020-05-27,33.1,52.37,2.8,0.26
2020-05-28,32.5,57.26,2.9,6.95
2020-05-29,32.05,57.16,2.3,1.0
2020-05-30,31.75,55.71,2.65,0.01
2020-05-31,31.58,58.18,3.62,0.77
2020-06-01,30.35,65.54,2.6,9.91
2020-06-02,28.64,73.1,2.07,6.8
2020-06-03,29.0,67.15,2.37,0.01
2020-06-04,29.63,61.6,2.59,0.0
2020-06-05,29.87,63.25,2.99,2.98
2020-06-06,29.06,68.99,2.2,4.64
2020-06-07,29.08,67.75,2.83,3.91
2020-06-08,30.05,59.68,3.15,0.03
2020-06-09,30.65,53.39,2.99,0.13
2020-06-10,29.9,58.86,2.9,1.36
2020-06-11,29.34,60.25,4.17,0.19
2020-06-12,30.06,54.0,4.96,0.0
2020-06-13,30.77,52.92,4.47,0.0
2020-06-14,31.13,54.23,4.68,0.0
2020-06-15,30.85,57.64,3.76,0.0
2020-06-16,30.91,58.38,3.37,0.01
2020-06-17,30.42,58.94,3.66,0.14
2020-06-18,30.31,56.7,4.26,0.52
2020-06-19,30.31,56.85,3.88,0.02
2020-06-20,30.17,56.78,4.5,0.49
2020-06-21,27.99,65.22,4.7,0.61
2020-06-22,29.96,56.61,3.59,0.07
2020-06-23,31.53,46.87,3.39,0.58
2020-06-24,30.71,53.2,2.4,3.5
2020-06-25,28.05,70.54,1.56,12.2
2020-06-26,28.21,72.9,2.07,7.5
2020-06-27,29.27,67.87,2.62,1.27
2020-06-28,29.11,70.78,2.44,2.54
2020-06-29,29.17,71.32,2.48,1.26
2020-06-30,29.17,69.03,2.7,0.76
2020-07-01,28.43,65.15,2.75,0.14
2020-07-02,29.25,63.47,3.11,2.65
2020-07-03,28.12,66.13,3.95,5.99
2020-07-04,27.73,66.15,4.25,0.63
2020-07-05,28.48,64.04,3.1,0.16
2020-07-06,28.58,62.93,3.82,0.24
2020-07-07,28.74,63.24,3.54,2.24
2020-07-08,27.56,75.27,1.98,2.87
2020-07-09,26.85,77.99,2.11,16.63
2020-07-10,27.28,76.16,1.62,1.88
2020-07-11,27.51,76.18,1.52,16.33
2020-07-12,28.79,69.98,2.76,3.68
2020-07-13,27.97,72.57,1.67,0.11
2020-07-14,27.67,78.11,2.0,11.6
2020-07-15,27.5,77.91,2.77,2.89
2020-07-16,27.92,71.46,2.95,0.87
2020-07-17,27.13,72.4,3.15,0.09
2020-07-18,27.88,70.84,1.35,1.41
2020-07-19,27.33,76.02,1.52,8.1
2020-07-20,27.15,81.19,1.93,13.59
2020-07-21,27.17,77.87,1.36,0.9
2020-07-22,27.13,79.1,2.06,0.25
2020-07-23,27.67,75.47,2.45,4.77
2020-07-24,27.57,77.86,2.13,14.35
2020-07-25,27.95,73.77,1.79,11.08
2020-07-26,27.41,74.35,2.16,1.11
2020-07-27,27.57,73.59,2.54,1.8
2020-07-28,27.3,76.06,2.73,5.43
2020-07-29,26.06,82.36,2.55,13.37
2020-07-30,27.96,74.42,2.54,0.28
2020-07-31,27.99,75.6,2.52,10.39
2020-08-01,27.13,76.4,3.16,3.52
2020-08-02,26.78,74.75,4.08,1.12
2020-08-03,27.2,74.2,4.06,0.74
2020-08-04,27.0,69.77,4.86,0.38
2020-08-05,28.09,64.76,5.63,0.03
2020-08-06,28.45,70.42,3.94,0.18
2020-08-07,29.13,67.65,4.41,0.02
2020-08-08,27.36,74.61,3.55,8.21
2020-08-09,26.12,79.21,3.57,6.65
2020-08-10,26.8,75.29,3.26,0.09
2020-08-11,27.87,73.62,3.49,4.23
2020-08-12,28.01,72.54,3.81,0.14
2020-08-13,28.02,72.07,3.36,0.0
2020-08-14,28.08,70.46,3.73,0.0
2020-08-15,27.53,71.19,3.25,0.0
2020-08-16,28.3,69.79,3.36,0.0
2020-08-17,29.28,66.79,3.02,0.0
2020-08-18,29.36,68.17,3.23,1.52
2020-08-19,28.19,72.52,2.67,0.3
2020-08-20,27.51,74.1,3.08,0.0
2020-08-21,29.1,68.07,2.01,0.02
2020-08-22,29.14,71.12,1.52,4.27
2020-08-23,28.42,76.25,1.78,16.37
2020-08-24,27.57,80.06,1.21,25.38
2020-08-25,28.19,78.66,1.27,4.04
2020-08-26,27.66,79.24,1.16,0.94
2020-08-27,27.83,76.1,1.58,1.15
2020-08-28,28.84,69.44,1.89,0.2
2020-08-29,28.39,72.28,2.23,0.17
2020-08-30,28.59,73.22,1.69,2.53
2020-08-31,28.17,77.89,1.55,6.53
2020-09-01,26.22,84.23,2.25,9.87
2020-09-02,26.32,81.26,1.87,9.52
2020-09-03,26.75,80.7,0.95,4.75
2020-09-04,27.55,81.72,0.79,2.99
2020-09-05,27.51,80.23,1.01,1.25
2020-09-06,27.65,77.66,1.71,9.53
2020-09-07,27.17,78.79,2.37,1.35
2020-09-08,27.41,78.41,1.49,2.22
2020-09-09,27.03,82.64,1.91,17.16
2020-09-10,26.29,82.96,2.32,7.57
2020-09-11,26.03,79.4,3.03,2.0
2020-09-12,26.32,77.61,2.69,0.2
2020-09-13,25.51,79.86,2.71,3.92
2020-09-14,26.88,72.39,3.73,0.66
2020-09-15,27.36,72.64,3.08,0.59
2020-09-16,27.82,74.09,2.67,0.0
2020-09-17,27.65,76.04,2.97,0.51
2020-09-18,28.29,70.22,3.94,0.19
2020-09-19,27.34,71.34,4.2,0.25
2020-09-20,26.3,72.55,4.87,0.21
2020-09-21,26.87,70.74,4.01,0.13
2020-09-22,27.24,67.27,3.65,0.0
2020-09-23,27.58,67.6,3.04,0.0
2020-09-24,27.88,72.13,2.2,0.01
2020-09-25,26.92,75.54,1.67,1.59
2020-09-26,26.08,76.1,2.41,0.46
2020-09-27,27.41,72.45,1.81,11.38
2020-09-28,26.71,82.54,1.66,9.87
2020-09-29,25.59,88.89,2.12,29.4
2020-09-30,25.69,83.8,2.63,10.12
2020-10-01,25.91,80.21,2.45,0.1
2020-10-02,26.86,76.71,2.57,0.61
2020-10-03,25.73,81.03,2.59,5.33
2020-10-04,26.62,76.8,2.51,0.03
2020-10-05,27.79,70.88,2.36,0.4
2020-10-06,28.5,73.34,1.67,3.67
2020-10-07,28.18,79.42,2.03,7.45
2020-10-08,27.53,82.79,1.0,9.46
2020-10-09,26.58,84.75,1.34,6.42
2020-10-10,26.35,82.02,1.95,1.42
2020-10-11,25.56,80.62,3.01,0.12
2020-10-12,26.6,74.75,3.27,0.13
2020-10-13,26.43,76.44,3.58,0.2
2020-10-14,26.52,73.01,3.22,0.05
2020-10-15,27.21,72.21,2.54,0.02
2020-10-16,26.78,78.45,1.83,4.08
2020-10-17,27.07,78.14,1.5,7.07
2020-10-18,26.73,81.86,1.22,9.09
2020-10-19,26.35,84.78,1.49,11.05
2020-10-20,25.61,87.73,2.19,5.58
2020-10-21,26.4,82.45,2.08,3.01
2020-10-22,26.06,83.8,2.29,1.07
2020-10-23,26.66,81.42,1.89,0.5
2020-10-24,24.56,81.74,2.16,0.09
2020-10-25,26.53,75.36,1.28,13.03
2020-10-26,26.69,80.82,1.1,0.02
2020-10-27,26.56,80.11,1.59,0.01
2020-10-28,26.51,77.42,1.76,0.16
2020-10-29,26.32,78.38,2.01,0.47
2020-10-30,26.38,78.32,1.6,1.4
2020-10-31,26.91,73.55,1.02,0.8
2020-11-01,27.14,73.19,1.05,0.11
2020-11-02,27.22,76.59,1.13,0.22
2020-11-03,27.35,76.86,1.67,0.27
2020-11-04,26.9,81.06,1.43,1.05
2020-11-05,26.71,78.67,1.72,5.6
2020-11-06,25.84,85.08,1.92,4.25
2020-11-07,26.02,84.39,2.11,0.92
2020-11-08,25.29,88.53,2.31,3.46
2020-11-09,25.92,74.92,2.88,0.04
2020-11-10,25.3,71.65,2.68,0.01
2020-11-11,25.79,77.44,2.72,2.5
2020-11-12,25.62,89.2,2.03,14.54
2020-11-13,25.75,88.16,2.12,14.3
2020-11-14,25.95,85.35,2.85,4.11
2020-11-15,25.58,91.02,2.56,9.38
2020-11-16,25.13,92.75,2.0,25.58
2020-11-17,25.3,88.51,2.22,24.73
2020-11-18,25.44,87.75,1.83,5.85
2020-11-19,25.35,86.37,2.02,1.21
2020-11-20,24.94,85.14,2.24,0.32
2020-11-21,24.19,81.64,2.08,0.0
2020-11-22,23.61,80.64,1.66,0.0
2020-11-23,23.95,82.59,2.46,0.17
2020-11-24,23.99,88.36,3.1,2.18
2020-11-25,25.02,84.29,3.79,4.69
2020-11-26,24.33,88.28,4.33,39.34
2020-11-27,24.96,86.7,1.31,6.34
2020-11-28,25.12,87.39,1.84,2.53
2020-11-29,25.07,88.5,2.28,0.95
2020-11-30,24.95,86.72,2.96,1.35
2020-12-01,24.06,82.79,2.88,0.33
2020-12-02,24.35,84.21,3.94,18.72
2020-12-03,23.95,91.66,3.86,53.75
2020-12-04,24.48,93.63,4.44,27.59
2020-12-05,24.34,94.26,3.28,8.75
2020-12-06,24.47,91.76,3.38,14.32
2020-12-07,25.11,90.7,2.82,7.26
2020-12-08,24.93,90.92,2.24,7.77
2020-12-09,24.64,88.98,2.2,1.65
2020-12-10,23.43,86.36,1.98,0.03
2020-12-11,22.75,85.37,1.99,0.0
2020-12-12,22.79,84.88,1.93,0.0
2020-12-13,22.77,82.61,1.74,0.0
2020-12-14,22.42,83.35,1.85,0.0
2020-12-15,23.07,87.14,2.55,1.62
2020-12-16,23.48,91.83,3.01,21.29
2020-12-17,24.0,93.07,2.47,10.97
2020-12-18,23.45,92.03,2.55,11.98
2020-12-19,23.04,87.89,3.15,1.33
2020-12-20,22.77,86.77,3.0,0.04
2020-12-21,21.48,87.46,2.73,0.0
2020-12-22,21.61,86.52,2.42,0.02
2020-12-23,22.16,87.46,2.07,0.01
2020-12-24,22.7,85.98,2.38,0.0
2020-12-25,22.24,85.64,2.26,0.01
2020-12-26,21.49,84.23,2.3,0.0
2020-12-27,22.21,84.73,2.58,0.02
2020-12-28,22.21,83.34,2.27,0.01
2020-12-29,23.14,87.0,2.59,1.41
2020-12-30,24.02,88.45,3.46,6.5
2020-12-31,24.1,89.83,3.53,9.73
2021-01-01,22.66,86.6,2.7,0.49
2021-01-02,22.92,89.36,2.92,2.37
2021-01-03,24.12,89.81,2.93,8.83
2021-01-04,24.41,87.52,3.08,2.54
2021-01-05,23.99,91.33,2.25,2.29
2021-01-06,23.93,94.44,1.76,10.46
2021-01-07,24.63,90.84,2.07,11.16
2021-01-08,25.16,89.38,2.09,6.79
2021-01-09,24.16,92.13,2.19,4.59
2021-01-10,23.76,92.44,2.04,6.34
2021-01-11,23.75,93.02,2.49,23.22
2021-01-12,23.66,93.43,3.15,22.26
2021-01-13,23.83,91.05,3.21,16.86
2021-01-14,23.75,91.31,2.84,14.33
2021-01-15,23.63,90.81,2.61,7.77
2021-01-16,23.54,88.55,2.35,0.3
2021-01-17,21.97,86.75,2.01,0.01
2021-01-18,21.7,84.75,2.35,0.0
2021-01-19,22.25,83.49,2.07,0.0
2021-01-20,23.32,85.87,2.03,0.38
2021-01-21,24.74,88.49,1.68,0.64
2021-01-22,25.07,86.93,1.81,0.14
2021-01-23,23.74,86.42,1.94,0.06
2021-01-24,22.93,84.36,1.85,0.0
2021-01-25,22.58,85.58,1.82,0.0
2021-01-26,21.85,82.28,1.93,0.0
2021-01-27,21.86,80.7,1.79,0.0
2021-01-28,22.53,83.12,2.41,0.0
2021-01-29,23.25,84.27,2.59,0.35
2021-01-30,23.59,81.56,2.26,0.01
2021-01-31,23.26,83.58,2.52,0.0
2021-02-01,22.82,82.02,2.78,0.01
2021-02-02,23.07,81.94,2.57,0.03
2021-02-03,23.38,82.73,2.65,0.0
2021-02-04,22.58,77.93,2.29,0.0
2021-02-05,22.18,79.22,2.43,0.0
2021-02-06,22.16,78.83,2.4,0.0
2021-02-07,21.79,75.71,2.77,0.0
2021-02-08,21.91,78.13,3.02,0.0
2021-02-09,21.75,78.83,2.75,0.0
2021-02-10,21.25,77.66,2.22,0.0
2021-02-11,21.14,76.36,2.09,0.0
2021-02-12,21.48,76.81,2.03,0.0
2021-02-13,22.16,75.79,1.86,0.0
2021-02-14,22.47,73.37,1.82,0.0
2021-02-15,23.5,74.55,1.82,0.0
2021-02-16,23.98,76.02,1.91,0.0
2021-02-17,23.8,77.83,2.18,0.0
2021-02-18,23.96,78.65,2.52,0.01
2021-02-19,24.66,80.21,2.47,0.08
2021-02-20,25.51,80.22,3.42,2.34
2021-02-21,25.5,82.55,3.57,5.73
2021-02-22,25.16,79.39,2.95,0.56
2021-02-23,25.1,76.59,2.4,0.0
2021-02-24,24.69,74.99,2.0,0.0
2021-02-25,24.97,72.61,1.79,0.0
2021-02-26,25.41,67.87,1.78,0.0
2021-02-27,25.68,67.11,1.52,0.0
2021-02-28,24.97,70.93,1.86,0.0
2021-03-01,25.29,71.06,1.77,0.0
2021-03-02,25.09,71.61,1.91,0.0
2021-03-03,24.69,72.46,2.26,0.0
2021-03-04,24.69,73.09,2.22,0.0
2021-03-05,25.08,71.99,1.98,0.0
2021-03-06,26.1,68.4,1.89,0.0
2021-03-07,26.69,71.17,2.16,0.0
2021-03-08,26.87,72.64,2.43,0.0
2021-03-09,26.93,71.75,2.64,0.0
2021-03-10,26.62,77.0,2.5,4.07
2021-03-11,27.01,73.45,2.26,1.36
2021-03-12,26.38,67.95,2.22,0.05
2021-03-13,26.07,71.59,2.34,0.0
2021-03-14,26.67,68.49,2.41,0.0
2021-03-15,27.08,64.83,2.2,0.0
2021-03-16,27.32,64.85,2.18,0.0
2021-03-17,27.1,66.71,2.22,0.0
2021-03-18,26.53,66.93,2.17,0.0
2021-03-19,27.04,64.47,1.93,0.0
2021-03-20,27.87,62.91,1.68,0.0
2021-03-21,28.12,61.72,1.78,0.0
2021-03-22,28.09,65.18,2.1,0.21
2021-03-23,28.17,65.39,2.12,0.0
2021-03-24,28.14,65.93,1.98,0.0
2021-03-25,28.03,65.93,1.95,0.0
2021-03-26,28.31,69.47,2.11,0.02
2021-03-27,29.16,66.55,2.22,0.0
2021-03-28,29.52,62.51,1.7,0.06
2021-03-29,29.94,60.1,2.04,0.01
2021-03-30,30.6,56.13,2.21,0.0
2021-03-31,31.93,55.37,2.19,0.0
2021-04-01,32.12,57.43,2.43,0.17
2021-04-02,32.98,52.18,2.94,0.05
2021-04-03,32.62,48.85,2.58,0.0
2021-04-04,33.0,46.74,2.22,0.3
2021-04-05,32.6,49.24,2.32,0.03
2021-04-06,30.45,58.92,2.53,0.31
2021-04-07,30.01,57.62,2.4,0.0
2021-04-08,29.74,56.88,1.93,0.0
2021-04-09,30.35,57.74,2.41,0.0
2021-04-10,30.37,59.65,2.69,0.09
2021-04-11,30.3,59.39,2.52,0.56
2021-04-12,30.13,61.2,2.43,2.54
2021-04-13,29.73,63.5,2.24,0.84
2021-04-14,28.83,69.24,1.7,6.83
2021-04-15,27.29,77.95,1.19,9.17
2021-04-16,28.13,72.69,0.98,2.01
2021-04-17,29.79,67.17,1.28,0.02
2021-04-18,30.63,62.53,1.75,0.04
2021-04-19,31.2,60.83,1.37,0.07
2021-04-20,30.74,61.19,1.29,0.3
2021-04-21,30.58,62.76,1.21,0.63
2021-04-22,30.81,63.26,1.9,0.04
2021-04-23,31.01,61.4,1.21,2.73
2021-04-24,29.26,70.17,1.17,4.23
2021-04-25,29.71,69.1,1.76,1.51
2021-04-26,30.12,66.27,1.72,0.16
2021-04-27,29.61,66.18,1.34,0.01
2021-04-28,30.45,62.83,1.7,0.0
2021-04-29,31.46,60.36,1.85,0.01
2021-04-30,31.36,62.11,2.44,0.15
2021-05-01,30.12,66.99,2.11,0.59
2021-05-02,30.47,64.72,2.32,0.82
2021-05-03,30.46,65.34,2.37,2.62
2021-05-04,29.72,69.98,2.01,5.13
2021-05-05,29.86,68.19,1.9,1.08
2021-05-06,30.95,62.79,2.43,0.15
2021-05-07,30.08,66.35,2.31,1.12
2021-05-08,29.51,68.13,2.18,0.91
2021-05-09,30.0,66.61,1.75,0.54
2021-05-10,30.86,63.89,1.94,0.15
2021-05-11,31.57,60.21,1.82,0.15
2021-05-12,32.24,58.65,1.73,1.66
2021-05-13,31.4,62.8,1.88,7.86
2021-05-14,30.93,63.19,2.93,3.51
2021-05-15,29.13,66.62,4.21,0.54
2021-05-16,29.16,69.46,2.83,1.02
2021-05-17,30.45,64.19,1.83,4.38
2021-05-18,30.0,69.84,1.44,2.28
2021-05-19,29.23,74.35,1.66,16.1
2021-05-20,27.95,78.87,2.28,19.5
2021-05-21,27.81,74.21,2.67,3.31
2021-05-22,27.81,73.5,2.94,0.99
2021-05-23,30.46,61.59,2.53,0.09
2021-05-24,30.0,64.5,3.36,0.01
2021-05-25,28.69,67.81,3.5,4.65
2021-05-26,28.56,64.02,5.25,4.44
2021-05-27,30.11,59.81,3.99,0.01
2021-05-28,30.91,57.42,3.59,0.0
2021-05-29,30.74,57.51,3.55,0.0
2021-05-30,30.82,56.94,4.09,0.03
2021-05-31,31.05,55.52,3.38,0.08
2021-06-01,30.98,60.06,3.23,0.25
2021-06-02,31.51,61.11,1.98,5.68
2021-06-03,28.8,76.76,1.72,4.61
2021-06-04,27.33,84.77,1.72,3.21
2021-06-05,27.28,75.97,2.4,14.03
2021-06-06,29.17,65.4,2.2,0.31
2021-06-07,29.93,65.55,1.96,0.08
2021-06-08,30.07,63.63,2.66,1.06
2021-06-09,29.55,64.53,3.33,1.19
2021-06-10,30.43,60.53,4.02,0.15
2021-06-11,29.88,60.25,3.91,0.0
2021-06-12,29.71,61.09,4.65,2.86
2021-06-13,28.75,63.24,4.4,0.07
2021-06-14,28.31,58.05,5.81,0.01
2021-06-15,28.96,59.33,4.27,0.01
2021-06-16,29.24,65.69,3.99,0.02
2021-06-17,29.5,63.72,4.18,0.0
2021-06-18,29.27,62.44,4.27,0.0
2021-06-19,29.03,62.37,3.79,0.0
2021-06-20,29.38,63.9,3.22,0.0
2021-06-21,29.91,62.16,3.08,0.27
2021-06-22,29.17,65.34,2.47,3.08
2021-06-23,28.08,74.53,1.77,11.69
2021-06-24,28.77,68.15,2.5,1.43
2021-06-25,29.93,58.41,2.87,0.0
2021-06-26,29.35,61.76,3.65,0.75
2021-06-27,28.94,59.46,2.69,0.14
2021-06-28,28.55,61.36,1.92,0.18
2021-06-29,29.38,65.68,1.84,5.54
2021-06-30,29.6,71.07,1.59,4.14
2021-07-01,28.52,78.22,1.85,26.03
2021-07-02,28.43,76.16,2.25,5.07
2021-07-03,27.71,76.02,1.76,2.14
2021-07-04,25.97,85.26,2.24,33.27
2021-07-05,28.18,73.93,1.72,3.89
2021-07-06,28.21,74.78,1.46,0.0
2021-07-07,28.92,72.45,1.33,3.61
2021-07-08,28.59,74.92,1.85,11.24
2021-07-09,27.56,78.83,2.95,3.9
2021-07-10,27.08,71.85,4.84,0.31
2021-07-11,27.4,65.22,4.76,0.05
2021-07-12,27.98,66.47,4.65,0.03
2021-07-13,27.96,69.73,4.33,0.1
2021-07-14,27.15,74.01,3.65,5.66
2021-07-15,27.72,71.39,3.79,1.69
2021-07-16,27.95,72.33,2.8,1.97
2021-07-17,28.04,73.26,2.47,3.21
2021-07-18,27.01,78.05,3.49,3.44
2021-07-19,28.13,71.37,4.02,0.02
2021-07-20,29.28,65.99,4.63,0.1
2021-07-21,28.56,67.52,4.45,0.07
2021-07-22,27.91,70.66,5.32,0.19
2021-07-23,28.47,66.62,5.14,0.77
2021-07-24,28.35,68.32,4.02,0.03
2021-07-25,28.58,65.07,4.24,1.71
2021-07-26,28.74,67.99,3.73,4.4
2021-07-27,26.55,77.89,3.12,1.49
2021-07-28,28.58,65.69,3.89,0.16
2021-07-29,28.97,65.49,3.5,0.0
2021-07-30,28.74,66.23,3.82,0.0
2021-07-31,29.41,63.99,3.87,0.05
2021-08-01,29.65,62.32,3.95,0.01
2021-08-02,28.98,60.73,4.19,0.05
2021-08-03,29.18,62.21,4.3,0.0
2021-08-04,29.89,60.15,4.94,0.0
2021-08-05,29.48,62.27,4.43,0.5
2021-08-06,29.56,65.34,3.86,1.37
2021-08-07,28.89,69.88,3.32,7.0
2021-08-08,29.01,67.69,2.21,1.01
2021-08-09,28.67,68.46,2.72,19.74
2021-08-10,27.74,70.47,3.46,7.77
2021-08-11,27.6,71.44,2.79,5.25
2021-08-12,26.83,74.77,3.33,2.49
2021-08-13,26.67,75.37,2.54,1.38
2021-08-14,28.21,70.77,3.08,2.14
2021-08-15,28.86,65.26,3.3,0.21
2021-08-16,28.98,62.17,3.04,0.02
2021-08-17,28.27,66.71,2.87,9.9
2021-08-18,26.73,73.06,3.35,13.68
2021-08-19,28.01,64.17,3.65,0.85
2021-08-20,27.27,68.63,2.0,3.69
2021-08-21,26.26,77.47,1.22,8.94
2021-08-22,26.45,78.91,1.09,7.47
2021-08-23,26.56,79.48,1.5,9.7
2021-08-24,27.54,76.45,1.71,9.97
2021-08-25,28.62,71.09,1.91,0.76
2021-08-26,28.57,72.85,1.56,0.79
2021-08-27,27.38,79.66,2.36,2.06
2021-08-28,26.64,79.37,2.44,1.53
2021-08-29,26.45,78.68,3.01,0.39
2021-08-30,27.5,70.51,3.65,0.01
2021-08-31,28.48,69.98,1.99,1.53
2021-09-01,28.04,71.95,1.65,1.41
2021-09-02,26.18,82.49,1.85,33.86
2021-09-03,26.1,82.23,2.11,18.3
2021-09-04,26.48,80.94,2.43,4.2
2021-09-05,27.27,73.85,3.66,5.93
2021-09-06,25.78,77.26,3.75,4.06
2021-09-07,26.98,74.33,3.27,0.27
2021-09-08,26.53,79.65,2.43,2.47
2021-09-09,27.51,75.12,2.31,0.12
2021-09-10,27.67,73.76,2.92,0.24
2021-09-11,27.39,75.76,3.34,1.62
2021-09-12,27.19,75.74,3.43,0.2
2021-09-13,27.21,75.11,3.69,0.01
2021-09-14,27.58,76.25,2.41,0.01
2021-09-15,27.82,76.69,2.53,3.82
2021-09-16,27.64,78.41,1.97,3.0
2021-09-17,27.28,80.01,1.74,6.63
2021-09-18,27.21,81.4,1.11,4.5
2021-09-19,27.2,82.44,1.48,12.49
2021-09-20,27.22,80.68,1.55,4.09
2021-09-21,27.19,78.1,1.84,0.93
2021-09-22,28.22,71.4,1.82,0.65
2021-09-23,27.63,79.38,1.56,7.83
2021-09-24,27.59,76.52,1.61,6.28
2021-09-25,27.32,81.59,1.62,5.14
2021-09-26,26.57,81.7,1.86,3.06
2021-09-27,27.28,75.2,3.73,3.92
2021-09-28,26.27,73.01,3.15,0.07
2021-09-29,27.44,69.14,2.26,1.64
2021-09-30,27.21,73.92,1.49,20.34
2021-10-01,26.77,83.14,1.02,9.39
2021-10-02,26.22,87.76,1.14,7.13
2021-10-03,27.13,83.01,1.36,3.4
2021-10-04,27.16,84.19,1.16,2.87
2021-10-05,26.39,86.78,0.84,8.53
2021-10-06,26.66,83.12,1.57,5.71
2021-10-07,27.0,82.57,1.57,0.38
2021-10-08,27.08,84.05,1.86,10.88
2021-10-09,26.34,86.91,2.11,4.22
2021-10-10,26.87,83.85,1.86,6.5
2021-10-11,25.9,88.01,1.96,21.3
2021-10-12,25.54,84.3,2.53,7.64
2021-10-13,25.62,82.84,2.32,2.03
2021-10-14,27.28,81.74,1.71,2.23
2021-10-15,26.99,84.01,1.35,1.92
2021-10-16,27.23,87.23,1.9,13.08
2021-10-17,26.42,88.44,2.57,4.29
2021-10-18,26.53,84.61,2.0,0.62
2021-10-19,26.13,85.76,1.75,3.19
2021-10-20,26.35,87.9,0.76,8.55
2021-10-21,26.18,88.94,0.61,16.16
2021-10-22,26.14,87.35,1.0,4.83
2021-10-23,26.2,86.97,1.26,2.27
2021-10-24,26.39,78.23,0.73,4.67
2021-10-25,26.07,82.29,1.26,7.59
2021-10-26,25.69,86.37,1.48,4.22
2021-10-27,25.84,85.45,1.71,1.05
2021-10-28,25.54,84.69,1.48,2.46
2021-10-29,24.52,90.4,2.28,21.64
2021-10-30,24.47,91.35,2.2,11.54
2021-10-31,25.15,91.37,2.16,16.17
2021-11-01,24.93,91.58,1.95,11.78
2021-11-02,25.07,92.86,2.36,20.8
2021-11-03,24.73,93.54,1.72,19.62
2021-11-04,24.9,92.1,0.92,8.86
2021-11-05,25.03,89.36,0.69,6.03
2021-11-06,25.38,87.58,0.87,15.38
2021-11-07,25.14,86.88,1.2,13.45
2021-11-08,24.94,91.2,0.88,9.09
2021-11-09,23.45,91.86,2.03,35.07
2021-11-10,23.11,89.6,2.59,22.12
2021-11-11,23.7,89.63,3.21,4.6
2021-11-12,25.74,86.93,1.65,7.13
2021-11-13,25.72,86.48,1.1,0.77
2021-11-14,25.15,91.89,1.54,8.76
2021-11-15,25.94,87.31,1.03,7.55
2021-11-16,26.06,88.3,0.57,3.4
2021-11-17,25.26,93.3,1.23,25.12
2021-11-18,23.95,92.44,3.11,20.03
2021-11-19,25.03,90.28,3.88,11.83
2021-11-20,26.19,88.93,2.33,5.99
2021-11-21,25.09,85.16,1.19,1.51
2021-11-22,24.36,90.79,1.56,2.22
2021-11-23,24.76,93.7,1.68,5.33
2021-11-24,24.64,93.72,1.86,2.49
2021-11-25,24.73,93.39,2.64,23.93
2021-11-26,24.73,94.38,2.71,21.69
2021-11-27,24.0,94.16,2.45,18.03
2021-11-28,24.14,94.51,2.53,15.08
2021-11-29,23.92,93.82,2.27,16.18
2021-11-30,24.27,94.38,1.82,7.42
2021-12-01,25.14,91.68,2.03,2.54
2021-12-02,24.7,90.7,2.37,0.37
2021-12-03,23.28,84.37,1.21,0.02
2021-12-04,24.75,74.96,0.71,0.68
2021-12-05,25.96,82.88,0.82,4.37
2021-12-06,25.77,88.36,1.33,1.73
2021-12-07,25.02,89.51,1.87,0.03
2021-12-08,24.56,90.61,1.96,0.09
2021-12-09,24.0,92.56,2.1,1.5
2021-12-10,24.03,89.03,2.24,0.09
2021-12-11,24.53,90.7,2.6,3.59
2021-12-12,24.48,90.02,2.98,2.23
2021-12-13,24.31,90.18,2.7,1.7
2021-12-14,24.37,90.87,2.96,2.31
2021-12-15,24.1,90.31,2.92,1.37
2021-12-16,23.3,87.86,3.04,0.22
2021-12-17,22.48,87.49,2.46,0.03
2021-12-18,22.43,86.67,2.75,0.01
2021-12-19,21.71,85.53,2.55,0.0
2021-12-20,21.76,85.11,2.25,0.0
2021-12-21,21.71,80.75,1.71,0.0
2021-12-22,21.22,84.64,1.47,0.0
2021-12-23,20.4,83.32,1.49,0.0
2021-12-24,20.89,84.41,1.47,0.0
2021-12-25,21.34,85.96,1.53,0.0
2021-12-26,21.67,86.82,1.56,0.0
2021-12-27,22.07,86.12,1.81,0.0
2021-12-28,22.24,86.14,1.95,0.11
2021-12-29,22.21,83.99,1.84,0.02
2021-12-30,22.96,89.36,2.87,5.36
2021-12-31,24.44,90.94,3.32,9.6
2022-01-01,24.41,90.44,3.37,20.95
2022-01-02,23.87,88.45,3.14,4.38
2022-01-03,23.07,86.68,2.64,0.0
2022-01-04,22.49,87.11,2.56,0.0
2022-01-05,22.06,85.31,2.03,0.0
2022-01-06,23.06,88.17,2.19,0.01
2022-01-07,23.49,88.32,2.11,0.01
2022-01-08,23.27,87.47,2.24,0.0
2022-01-09,23.05,86.47,1.86,0.0
2022-01-10,23.4,86.04,1.59,0.0
2022-01-11,23.77,86.18,1.72,0.06
2022-01-12,24.11,86.11,1.38,0.05
2022-01-13,24.83,86.09,1.32,0.0
2022-01-14,24.98,85.46,1.33,0.0
2022-01-15,24.7,85.9,1.64,0.02
2022-01-16,24.27,86.82,2.4,1.16
2022-01-17,24.01,86.39,2.57,1.56
2022-01-18,23.05,84.64,2.62,0.14
2022-01-19,22.74,84.0,2.02,0.0
2022-01-20,22.3,80.33,1.26,0.0
2022-01-21,23.42,79.51,0.78,0.0
2022-01-22,24.58,80.2,1.25,0.0
2022-01-23,24.93,83.31,1.59,0.0
2022-01-24,24.93,84.03,1.34,0.05
2022-01-25,24.45,84.22,1.65,0.22
2022-01-26,23.91,82.8,1.88,0.08
2022-01-27,23.53,82.07,2.05,0.02
2022-01-28,23.55,83.47,2.94,0.3
2022-01-29,24.24,83.39,3.38,0.79
2022-01-30,24.38,82.59,2.57,0.34
2022-01-31,24.65,82.99,1.95,0.0
2022-02-01,24.42,81.31,1.97,0.0
2022-02-02,22.69,77.81,1.78,0.0
2022-02-03,22.8,75.78,0.98,0.0
2022-02-04,24.53,76.21,1.17,0.0
2022-02-05,25.32,78.84,1.77,0.0
2022-02-06,24.87,78.99,2.19,0.0
2022-02-07,24.36,76.68,2.26,0.0
2022-02-08,23.36,75.35,2.42,0.0
2022-02-09,22.84,74.37,2.53,0.0
2022-02-10,23.8,71.78,2.72,0.72
2022-02-11,24.48,81.31,3.07,7.81
2022-02-12,24.49,78.61,3.05,3.69
2022-02-13,24.39,76.41,2.97,0.08
2022-02-14,24.55,76.32,2.75,0.18
2022-02-15,24.02,72.97,2.63,0.13
2022-02-16,24.14,69.78,2.39,0.0
2022-02-17,24.54,70.61,2.32,0.0
2022-02-18,24.9,75.8,2.49,0.07
2022-02-19,24.91,75.45,2.61,0.06
2022-02-20,25.9,72.95,2.04,0.0
2022-02-21,27.31,68.17,1.25,0.0
2022-02-22,26.78,70.77,1.98,0.0
2022-02-23,25.74,71.6,2.76,0.07
2022-02-24,25.06,70.38,2.46,0.11
2022-02-25,24.71,67.25,2.64,0.0
2022-02-26,25.56,73.61,2.69,0.25
2022-02-27,26.24,70.34,3.15,0.06
2022-02-28,25.43,69.0,2.2,0.0
2022-03-01,25.76,63.63,2.68,0.0
2022-03-02,25.51,64.95,2.87,0.0
2022-03-03,25.51,66.7,3.18,0.0
2022-03-04,26.12,67.92,3.54,0.84
2022-03-05,26.62,66.95,3.22,0.01
2022-03-06,26.77,67.16,3.63,0.78
2022-03-07,26.12,71.96,3.14,8.31
2022-03-08,26.94,68.53,2.38,0.09
2022-03-09,26.96,65.08,2.12,0.0
2022-03-10,26.69,63.65,2.43,0.0
2022-03-11,26.39,65.64,2.54,0.0
2022-03-12,26.31,62.02,2.6,0.0
2022-03-13,26.84,63.64,2.77,0.0
2022-03-14,27.47,62.45,2.52,0.0
2022-03-15,27.6,61.16,1.86,0.0
2022-03-16,28.56,53.85,1.83,0.0
2022-03-17,28.84,53.04,1.94,0.0
2022-03-18,29.17,54.21,1.7,0.0
2022-03-19,29.82,60.43,1.24,0.0
2022-03-20,31.54,53.9,1.51,0.14
2022-03-21,31.78,53.65,1.27,3.44
2022-03-22,30.33,62.15,1.55,4.12
2022-03-23,29.88,66.15,1.26,2.13
2022-03-24,29.79,65.95,1.43,0.22
2022-03-25,29.71,64.52,1.54,0.63
2022-03-26,29.99,63.8,1.78,0.73
2022-03-27,30.09,64.41,1.59,0.28
2022-03-28,30.79,61.17,2.23,0.0
2022-03-29,30.77,59.92,1.93,0.0
2022-03-30,31.14,58.44,2.46,0.08
2022-03-31,31.04,58.22,2.33,0.01
2022-04-01,30.8,59.25,2.63,0.01
2022-04-02,31.03,58.19,2.23,0.13
2022-04-03,30.28,62.45,2.17,1.23
2022-04-04,30.48,60.43,2.4,0.2
2022-04-05,30.49,57.93,2.28,0.06
2022-04-06,30.22,59.1,1.95,0.87
2022-04-07,30.52,58.39,2.01,0.08
2022-04-08,30.25,60.96,1.84,1.98
2022-04-09,28.75,66.61,1.67,3.23
2022-04-10,29.06,64.61,1.9,6.07
2022-04-11,28.56,70.41,2.05,3.04
2022-04-12,28.63,71.97,1.48,3.57
2022-04-13,28.07,75.99,1.77,6.48
2022-04-14,27.83,71.27,1.93,3.9
2022-04-15,30.5,62.93,2.07,0.51
2022-04-16,30.3,67.71,2.23,2.88
2022-04-17,30.52,68.02,1.75,5.48
2022-04-18,30.05,67.85,1.54,3.15
2022-04-19,30.99,59.28,1.21,0.13
2022-04-20,30.57,64.18,1.48,0.0
2022-04-21,29.99,68.7,2.17,0.0
2022-04-22,29.77,68.87,2.41,2.03
2022-04-23,27.64,76.87,1.49,10.61
2022-04-24,30.24,62.69,1.82,1.19
2022-04-25,29.79,66.02,1.83,0.0
2022-04-26,30.49,63.19,1.99,0.0
2022-04-27,30.89,62.55,2.02,0.0
2022-04-28,30.54,64.4,2.1,0.0
2022-04-29,31.05,63.84,1.85,0.02
2022-04-30,31.57,62.25,1.51,0.06
2022-05-01,32.34,57.91,1.57,0.49
2022-05-02,32.6,56.84,1.89,0.74
2022-05-03,30.81,67.51,1.43,4.11
2022-05-04,30.48,67.98,1.38,2.31
2022-05-05,30.45,67.74,1.39,2.53
2022-05-06,30.48,54.74,2.13,2.2
2022-05-07,31.14,59.35,1.29,2.44
2022-05-08,32.14,58.31,1.48,0.12
2022-05-09,30.98,62.94,3.23,2.05
2022-05-10,30.21,62.39,4.33,0.11
2022-05-11,31.5,55.54,5.08,0.06
2022-05-12,30.77,57.25,4.19,2.75
2022-05-13,30.68,60.8,3.56,1.7
2022-05-14,30.13,62.97,3.23,5.94
2022-05-15,27.85,79.57,2.53,18.9
2022-05-16,27.05,83.22,2.03,1.84
2022-05-17,28.39,75.94,1.92,8.21
2022-05-18,29.0,72.79,2.17,1.52
2022-05-19,28.89,68.86,3.83,1.04
2022-05-20,29.51,60.53,3.8,0.76
2022-05-21,29.2,63.91,3.76,0.1
2022-05-22,30.28,59.55,4.49,0.02
2022-05-23,31.28,60.03,3.23,0.02
2022-05-24,31.76,60.32,2.52,2.98
2022-05-25,29.93,71.19,1.6,5.28
2022-05-26,29.63,67.64,2.65,1.83
2022-05-27,30.12,60.43,2.87,0.99
2022-05-28,29.84,64.06,3.11,1.08
2022-05-29,28.94,67.38,2.95,8.35
2022-05-30,29.51,66.52,2.62,4.71
2022-05-31,29.99,63.83,2.91,2.07
2022-06-01,29.31,65.39,3.65,0.24
2022-06-02,30.33,62.1,3.2,0.07
2022-06-03,29.75,61.81,2.56,0.0
2022-06-04,29.8,63.31,1.87,0.01
2022-06-05,29.43,67.51,1.44,7.91
2022-06-06,27.65,80.25,1.63,20.7
2022-06-07,28.9,70.6,1.76,4.5
2022-06-08,29.28,66.74,2.65,0.0
2022-06-09,29.52,65.14,2.44,0.0
2022-06-10,29.02,66.2,3.2,0.01
2022-06-11,29.72,60.04,3.32,0.04
2022-06-12,28.56,61.99,3.23,1.47
2022-06-13,28.86,64.56,2.18,0.14
2022-06-14,28.72,70.17,2.52,11.53
2022-06-15,27.73,74.55,2.79,8.97
2022-06-16,27.43,77.5,1.92,9.76
2022-06-17,26.24,82.81,1.75,18.59
2022-06-18,26.7,78.9,1.76,2.87
2022-06-19,27.37,78.14,1.72,5.47
2022-06-20,28.01,71.36,2.43,1.41
2022-06-21,28.28,71.13,2.93,2.47
2022-06-22,27.61,73.77,2.01,1.42
2022-06-23,28.18,69.03,2.28,0.16
2022-06-24,27.59,67.83,3.91,0.32
2022-06-25,27.79,67.21,3.97,0.03
2022-06-26,28.83,62.41,3.85,0.0
2022-06-27,29.38,64.14,3.45,0.0
2022-06-28,29.04,64.26,3.4,0.0
2022-06-29,29.52,63.63,3.73,0.07
2022-06-30,27.89,72.56,3.99,1.44
2022-07-01,28.82,69.6,3.69,1.6
2022-07-02,27.97,70.39,3.41,0.87
2022-07-03,28.12,69.94,4.24,0.4
2022-07-04,28.54,63.65,5.14,0.04
2022-07-05,27.91,65.84,5.09,0.05
2022-07-06,28.5,63.38,4.22,0.04
2022-07-07,27.72,67.03,4.44,2.92
2022-07-08,28.36,64.38,4.09,0.13
2022-07-09,27.37,68.97,4.68,0.05
2022-07-10,28.31,64.2,5.05,0.1
2022-07-11,28.31,64.31,5.5,1.74
2022-07-12,28.13,63.06,5.46,0.38
2022-07-13,28.66,62.83,5.87,0.37
2022-07-14,28.61,61.12,6.07,0.15
2022-07-15,28.93,62.84,4.71,0.0
2022-07-16,28.84,66.1,3.52,1.2
2022-07-17,29.21,65.73,3.34,1.14
2022-07-18,27.99,65.78,3.31,0.68
2022-07-19,29.49,65.6,2.16,0.66
2022-07-20,28.83,71.21,1.41,1.1
2022-07-21,29.3,70.45,2.31,8.49
2022-07-22,27.03,79.73,2.57,31.26
2022-07-23,27.81,71.57,3.1,2.84
2022-07-24,28.03,69.12,2.73,1.91
2022-07-25,28.86,67.87,1.84,4.17
2022-07-26,26.62,81.93,1.56,13.99
2022-07-27,27.32,78.61,0.72,6.59
2022-07-28,27.82,74.9,1.08,1.21
2022-07-29,28.16,71.71,1.44,4.12
2022-07-30,28.63,70.94,1.5,4.57
2022-07-31,27.61,79.61,1.68,6.32
2022-08-01,27.47,77.64,2.31,11.65
2022-08-02,26.76,80.95,2.46,8.71
2022-08-03,25.71,83.44,2.01,3.89
2022-08-04,25.5,85.51,2.95,3.26
2022-08-05,27.28,73.41,4.89,0.11
2022-08-06,27.23,73.26,4.23,0.53
2022-08-07,27.27,73.09,4.32,0.26
2022-08-08,27.32,72.98,4.59,0.18
2022-08-09,27.98,68.65,4.79,0.04
2022-08-10,27.67,67.95,4.36,0.0
2022-08-11,28.49,67.02,3.99,0.0
2022-08-12,28.26,66.96,3.68,0.0
2022-08-13,27.88,68.08,3.25,0.0
2022-08-14,28.9,61.36,3.16,0.0
2022-08-15,29.65,62.69,1.97,0.0
2022-08-16,29.0,69.7,1.73,0.16
2022-08-17,28.5,75.85,1.05,2.28
2022-08-18,27.72,74.37,2.02,2.89
2022-08-19,28.02,74.78,2.25,6.15
2022-08-20,28.49,70.15,2.73,0.57
2022-08-21,28.46,68.94,3.23,3.92
2022-08-22,28.18,72.76,3.62,9.92
2022-08-23,27.5,74.43,3.32,6.49
2022-08-24,26.8,76.4,2.42,3.45
2022-08-25,26.09,83.58,1.8,6.12
2022-08-26,26.62,81.55,1.63,10.23
2022-08-27,26.15,81.19,2.28,7.05
2022-08-28,26.52,81.02,1.85,15.91
2022-08-29,27.18,78.68,1.63,2.16
2022-08-30,27.31,81.79,1.38,5.33
2022-08-31,26.32,83.94,1.06,5.89
2022-09-01,25.85,83.95,0.8,5.26
2022-09-02,27.09,79.01,1.46,1.0
2022-09-03,28.0,77.4,1.23,0.21
2022-09-04,27.89,80.38,0.84,19.04
2022-09-05,27.35,83.53,1.6,15.21
2022-09-06,27.15,77.43,1.71,5.34
2022-09-07,26.01,84.28,2.01,7.04
2022-09-08,26.19,82.37,2.32,0.84
2022-09-09,26.67,79.75,2.55,0.01
2022-09-10,26.96,77.19,3.24,1.04
2022-09-11,26.96,77.1,3.31,0.16
2022-09-12,27.24,74.6,3.31,0.0
2022-09-13,27.58,75.16,2.4,0.23
2022-09-14,27.99,74.52,2.0,0.24
2022-09-15,28.12,72.46,1.75,0.06
2022-09-16,27.64,74.68,1.87,0.01
2022-09-17,28.15,73.79,2.01,0.04
2022-09-18,28.4,71.53,1.98,0.48
2022-09-19,27.67,73.46,2.87,0.17
2022-09-20,27.68,69.04,2.63,0.0
2022-09-21,28.39,67.84,2.75,0.0
2022-09-22,28.66,66.65,2.94,0.0
2022-09-23,27.92,67.09,2.49,0.0
2022-09-24,27.99,68.84,2.23,0.01
2022-09-25,28.54,71.79,1.61,9.37
2022-09-26,27.87,78.49,1.42,28.9
2022-09-27,27.9,75.38,2.04,1.22
2022-09-28,27.67,75.93,1.73,10.65
2022-09-29,26.64,78.82,1.81,0.73
2022-09-30,26.78,76.02,2.47,0.51
2022-10-01,25.67,75.22,2.92,0.41
2022-10-02,27.32,71.82,2.83,1.64
2022-10-03,27.24,75.36,2.95,0.09
2022-10-04,27.42,75.53,2.42,0.12
2022-10-05,26.76,78.63,2.2,2.54
2022-10-06,26.48,72.18,2.61,0.26
2022-10-07,27.52,70.89,1.27,0.63
2022-10-08,27.01,75.7,1.66,2.8
2022-10-09,25.89,87.42,1.35,10.69
2022-10-10,26.29,86.15,1.47,30.18
2022-10-11,26.56,84.59,1.74,6.01
2022-10-12,26.79,82.77,1.15,1.78
2022-10-13,26.92,83.73,0.97,6.84
2022-10-14,27.15,83.16,1.06,3.22
2022-10-15,26.27,85.39,1.0,8.62
2022-10-16,26.21,84.6,1.13,5.67
2022-10-17,26.62,84.47,1.52,2.48
2022-10-18,26.88,82.43,1.15,8.17
2022-10-19,26.54,81.23,1.06,11.52
2022-10-20,26.37,84.04,0.89,15.85
2022-10-21,25.64,86.71,0.91,12.33
2022-10-22,25.86,86.85,1.51,3.85
2022-10-23,25.97,86.01,0.98,2.03
2022-10-24,26.03,79.49,1.1,0.64
2022-10-25,25.63,72.81,1.11,0.14
2022-10-26,25.02,75.21,1.14,0.03
2022-10-27,24.93,76.31,2.03,0.0
2022-10-28,25.79,81.67,1.88,1.34
2022-10-29,25.62,85.57,2.32,4.13
2022-10-30,25.76,85.02,2.22,3.45
2022-10-31,24.88,89.48,1.9,2.91
2022-11-01,23.71,91.98,1.95,5.01
2022-11-02,24.7,86.09,1.8,13.74
2022-11-03,24.79,86.59,2.25,10.47
2022-11-04,24.56,85.91,2.1,12.81
2022-11-05,24.74,87.08,2.01,4.56
2022-11-06,24.56,90.45,2.08,3.1
2022-11-07,25.08,86.94,2.13,0.44
2022-11-08,24.98,88.17,2.32,4.03
2022-11-09,25.23,86.5,2.24,0.78
2022-11-10,25.06,85.62,2.35,2.56
2022-11-11,23.49,92.57,3.36,55.14
2022-11-12,24.74,92.3,3.83,12.19
2022-11-13,24.86,89.29,2.77,3.06
2022-11-14,24.42,89.48,1.66,4.91
2022-11-15,24.56,89.27,1.67,0.64
2022-11-16,24.62,86.47,2.01,0.15
2022-11-17,23.07,80.42,2.16,0.0
2022-11-18,22.4,79.42,2.46,0.0
2022-11-19,22.19,82.45,2.16,0.0
2022-11-20,21.69,76.63,1.82,0.0
2022-11-21,22.4,76.66,1.64,0.03
2022-11-22,24.74,82.37,1.15,0.05
2022-11-23,25.78,80.87,1.25,1.22
2022-11-24,25.6,84.35,1.18,0.93
2022-11-25,25.1,85.77,1.54,0.23
2022-11-26,24.73,87.45,1.18,0.68
2022-11-27,25.5,85.46,1.29,1.2
2022-11-28,25.68,85.23,1.21,3.3
2022-11-29,24.67,84.82,2.08,1.12
2022-11-30,23.33,82.24,1.8,0.17
2022-12-01,24.76,88.85,1.97,1.89
2022-12-02,25.15,86.08,1.78,0.82
2022-12-03,24.47,90.2,2.01,1.77
2022-12-04,24.62,91.63,2.12,20.72
2022-12-05,24.69,86.17,2.45,1.81
2022-12-06,24.08,84.89,2.08,0.0
2022-12-07,22.34,84.48,1.93,0.0
2022-12-08,21.11,76.76,2.48,2.88
2022-12-09,21.44,82.24,4.42,12.88
2022-12-10,23.53,85.99,3.09,5.36
2022-12-11,24.76,90.02,1.58,3.01
2022-12-12,24.98,89.56,1.22,14.83
2022-12-13,24.85,89.04,2.01,13.95
2022-12-14,24.53,87.94,1.92,2.68
2022-12-15,23.69,85.44,2.0,0.0
2022-12-16,23.14,84.46,1.76,0.0
2022-12-17,23.64,85.74,2.3,0.0
2022-12-18,23.96,84.9,2.94,0.0
2022-12-19,23.36,84.09,2.7,0.14
2022-12-20,23.54,84.46,2.61,0.12
2022-12-21,23.23,85.77,2.64,6.8
2022-12-22,22.94,83.24,2.71,0.75
2022-12-23,24.02,83.31,2.5,0.0
2022-12-24,24.84,84.04,2.83,0.55
2022-12-25,24.91,86.84,3.15,11.12
2022-12-26,25.31,87.6,2.99,4.53
2022-12-27,24.86,88.01,2.41,2.71
2022-12-28,24.7,84.93,2.09,0.12
2022-12-29,24.18,84.39,1.8,0.0
2022-12-30,23.43,82.86,1.67,0.0
2022-12-31,23.69,81.07,1.37,0.0
2023-01-01,23.21,79.69,1.71,0.0
2023-01-02,22.84,80.65,1.95,0.0
2023-01-03,22.93,81.49,2.18,0.01
2023-01-04,23.26,79.72,2.33,0.0
2023-01-05,23.49,78.36,2.57,0.01
2023-01-06,23.89,76.06,3.51,0.01
2023-01-07,23.61,78.3,2.97,0.01
2023-01-08,23.8,80.35,2.63,0.08
2023-01-09,22.85,74.8,2.57,0.0
2023-01-10,22.1,75.13,2.76,0.0
2023-01-11,22.5,74.16,2.15,0.0
2023-01-12,22.44,73.92,2.05,0.0
2023-01-13,22.28,73.94,1.75,0.0
2023-01-14,21.94,73.22,1.74,0.0
2023-01-15,21.82,74.35,1.74,0.0
2023-01-16,22.1,72.43,2.1,0.0
2023-01-17,22.41,74.03,2.01,0.0
2023-01-18,22.44,73.58,2.38,0.0
2023-01-19,22.6,70.2,2.3,0.0
2023-01-20,23.33,74.6,2.57,0.0
2023-01-21,24.14,72.54,2.68,0.0
2023-01-22,24.07,72.35,2.63,0.0
2023-01-23,24.82,76.23,2.75,2.27
2023-01-24,25.02,73.07,2.38,0.75
2023-01-25,24.09,70.74,2.36,0.0
2023-01-26,23.7,70.58,2.31,0.0
2023-01-27,23.43,70.53,2.25,0.0
2023-01-28,23.26,72.33,2.34,0.0
2023-01-29,24.24,74.79,2.63,0.15
2023-01-30,25.69,75.19,2.58,1.26
2023-01-31,25.39,72.29,3.11,0.21
2023-02-01,25.18,70.24,3.19,2.93
2023-02-02,24.52,78.84,3.26,12.99
2023-02-03,25.1,79.44,2.99,6.93
2023-02-04,25.39,74.55,3.04,1.77
2023-02-05,24.65,68.7,2.48,0.11
2023-02-06,24.64,69.42,2.33,0.0
2023-02-07,25.3,68.36,1.91,0.0
2023-02-08,24.96,68.61,2.24,0.0
2023-02-09,24.84,69.08,2.03,0.0
2023-02-10,24.97,67.22,2.18,0.0
2023-02-11,24.59,65.02,2.05,0.0
2023-02-12,24.57,63.13,1.9,0.0
2023-02-13,24.57,65.76,2.3,0.0
2023-02-14,24.73,65.34,1.97,0.0
2023-02-15,24.85,64.69,2.2,0.0
2023-02-16,24.56,68.0,2.45,0.0
2023-02-17,24.66,67.52,2.31,0.0
2023-02-18,25.28,65.45,1.97,0.0
2023-02-19,25.76,64.17,2.27,0.0
2023-02-20,25.97,61.8,2.07,0.0
2023-02-21,25.57,62.09,2.3,0.0
2023-02-22,25.3,60.6,2.42,0.0
2023-02-23,25.14,65.7,2.18,0.0
2023-02-24,26.25,62.66,2.03,0.0
2023-02-25,25.61,60.42,2.43,0.0
2023-02-26,25.03,63.46,2.7,0.0
2023-02-27,25.29,61.59,2.35,0.0
2023-02-28,26.17,67.44,3.15,0.18
2023-03-01,27.56,66.53,3.53,0.05
2023-03-02,26.6,58.37,2.84,0.0
2023-03-03,25.77,56.04,3.17,0.0
2023-03-04,27.16,62.56,3.05,0.0
2023-03-05,27.69,57.66,3.0,0.12
2023-03-06,27.35,56.97,2.78,0.03
2023-03-07,26.32,64.8,2.43,0.0
2023-03-08,26.98,62.32,3.21,0.0
2023-03-09,27.24,61.71,3.04,0.0
2023-03-10,27.55,61.19,2.97,0.0
2023-03-11,26.73,65.38,2.78,0.0
2023-03-12,27.69,65.23,3.06,0.0
2023-03-13,28.29,61.12,2.83,0.0
2023-03-14,28.56,59.07,2.65,0.0
2023-03-15,29.39,59.72,2.18,0.0
2023-03-16,29.5,60.74,2.43,0.09
2023-03-17,29.86,60.38,2.61,0.39
2023-03-18,29.55,63.04,2.57,1.93
2023-03-19,28.47,66.18,1.22,6.43
2023-03-20,27.88,72.72,1.26,6.47
2023-03-21,29.97,62.57,1.57,0.8
2023-03-22,29.81,63.41,2.22,0.9
2023-03-23,30.35,60.05,1.9,0.71
2023-03-24,30.16,60.7,2.12,1.63
2023-03-25,29.82,63.07,1.72,1.69
2023-03-26,30.46,58.97,1.87,0.36
2023-03-27,31.27,55.38,1.0,0.03
2023-03-28,31.3,57.45,2.3,0.52
2023-03-29,31.01,55.97,2.28,0.07
2023-03-30,30.74,54.0,2.11,0.01
2023-03-31,31.24,52.23,2.13,0.18
2023-04-01,31.34,56.32,2.31,0.21
2023-04-02,30.74,57.76,1.67,2.81
2023-04-03,30.11,60.16,2.2,1.78
2023-04-04,30.39,60.09,2.15,0.74
2023-04-05,30.62,56.21,2.21,0.23
2023-04-06,31.03,55.96,2.42,0.0
2023-04-07,30.62,57.64,2.58,0.0
2023-04-08,30.04,57.26,3.09,0.0
2023-04-09,30.04,57.87,2.83,0.02
2023-04-10,30.39,57.31,2.87,0.01
2023-04-11,30.71,54.78,2.44,0.06
2023-04-12,30.89,49.52,2.11,0.0
2023-04-13,31.21,45.63,1.86,0.0
2023-04-14,31.2,44.24,1.67,0.0
2023-04-15,31.95,48.69,2.2,0.0
2023-04-16,31.57,49.15,2.11,0.0
2023-04-17,31.86,49.36,2.39,0.0
2023-04-18,31.96,49.92,2.26,0.0
2023-04-19,32.45,50.61,2.37,0.0
2023-04-20,33.35,52.59,2.69,0.0
2023-04-21,33.61,52.37,2.76,0.29
2023-04-22,33.35,53.13,2.5,0.92
2023-04-23,33.1,52.4,2.59,0.68
2023-04-24,31.52,60.05,2.6,2.25
2023-04-25,30.63,61.55,2.41,2.32
2023-04-26,29.43,65.91,1.62,4.54
2023-04-27,30.07,63.78,2.06,1.21
2023-04-28,30.62,62.59,2.24,1.95
2023-04-29,29.79,68.46,2.07,6.83
2023-04-30,29.62,67.99,2.06,2.59
2023-05-01,27.6,83.55,2.05,23.64
2023-05-02,26.63,87.57,2.16,22.99
2023-05-03,26.44,86.63,2.24,11.19
2023-05-04,26.72,83.09,1.09,7.11
2023-05-05,27.56,75.42,1.68,2.68
2023-05-06,26.79,80.23,1.23,8.13
2023-05-07,26.99,80.89,1.88,4.4
2023-05-08,27.01,80.08,2.13,4.37
2023-05-09,28.25,75.78,1.59,0.85
2023-05-10,29.42,70.31,1.75,0.24
2023-05-11,29.51,72.4,1.55,1.19
2023-05-12,30.49,66.47,2.84,0.41
2023-05-13,31.18,59.56,3.08,0.0
2023-05-14,31.07,60.95,3.52,0.0
2023-05-15,31.34,64.11,2.75,0.0
2023-05-16,32.0,62.16,2.84,0.0
2023-05-17,31.64,63.42,2.01,0.05
2023-05-18,30.77,65.85,2.21,0.03
2023-05-19,29.66,72.44,2.12,0.07
2023-05-20,30.79,66.45,2.08,0.11
2023-05-21,30.74,66.91,1.68,1.81
2023-05-22,29.62,73.4,1.84,1.44
2023-05-23,29.79,69.29,1.78,0.04
2023-05-24,29.75,71.06,1.92,6.0
2023-05-25,30.43,67.69,2.3,2.72
2023-05-26,31.07,65.35,2.47,7.27
2023-05-27,30.55,66.87,2.33,9.23
2023-05-28,28.93,71.89,1.76,0.03
2023-05-29,30.41,67.96,1.59,0.08
2023-05-30,30.67,69.04,1.6,1.74
2023-05-31,29.9,67.04,2.6,2.54
2023-06-01,31.38,61.58,2.54,0.15
2023-06-02,29.18,67.25,3.06,2.43
2023-06-03,30.26,64.98,2.47,0.02
2023-06-04,31.1,62.85,2.76,0.01
2023-06-05,29.64,69.39,2.32,3.64
2023-06-06,29.76,66.74,2.37,4.69
2023-06-07,29.21,72.02,1.89,1.29
2023-06-08,29.37,70.14,2.15,0.25
2023-06-09,30.06,64.03,3.05,0.01
2023-06-10,31.14,57.39,4.66,0.0
2023-06-11,30.88,59.31,3.27,0.0
2023-06-12,30.63,64.29,3.24,1.03
2023-06-13,30.42,62.85,3.4,0.35
2023-06-14,28.66,72.15,2.33,1.71
2023-06-15,31.16,58.26,2.11,0.04
2023-06-16,32.21,55.74,3.4,0.0
2023-06-17,28.38,71.99,2.06,0.15
2023-06-18,29.07,68.2,2.55,2.84
2023-06-19,30.66,59.68,2.79,0.61
2023-06-20,29.13,66.78,2.11,2.59
2023-06-21,28.87,72.14,1.6,4.39
2023-06-22,29.54,69.6,1.77,5.31
2023-06-23,29.2,62.36,3.16,0.77
2023-06-24,28.89,63.08,3.82,0.01
2023-06-25,28.07,69.69,2.51,0.02
2023-06-26,29.22,57.99,3.73,0.05
2023-06-27,29.42,59.19,3.83,2.48
2023-06-28,30.17,56.63,3.39,0.02
2023-06-29,30.72,56.83,4.02,1.21
2023-06-30,30.25,56.6,3.71,0.58
2023-07-01,29.86,58.7,2.85,0.44
2023-07-02,28.7,64.77,2.14,2.36
2023-07-03,28.93,67.17,3.61,2.88
2023-07-04,28.9,65.59,4.79,1.22
2023-07-05,28.53,63.0,5.22,0.48
2023-07-06,28.76,66.25,4.44,0.43
2023-07-07,29.05,61.88,4.0,0.08
2023-07-08,29.07,61.49,3.33,2.31
2023-07-09,29.67,63.05,2.46,4.69
2023-07-10,29.23,70.67,1.6,9.98
2023-07-11,29.05,69.08,2.4,12.36
2023-07-12,28.89,61.74,2.69,0.96
2023-07-13,29.14,59.58,3.33,4.13
2023-07-14,29.51,60.13,3.85,0.37
2023-07-15,29.87,60.12,3.35,0.0
2023-07-16,30.31,61.35,2.76,0.14
2023-07-17,29.93,62.74,3.68,0.0
2023-07-18,29.39,63.82,4.94,0.0
2023-07-19,29.86,60.94,5.57,0.0
2023-07-20,30.24,58.59,5.57,0.0
2023-07-21,30.29,57.36,5.65,0.0
2023-07-22,29.62,58.23,5.65,0.05
2023-07-23,28.7,64.83,4.8,4.59
2023-07-24,27.1,71.61,4.59,1.05
2023-07-25,26.84,71.33,3.96,1.22
2023-07-26,28.98,63.57,4.56,0.48
2023-07-27,29.62,59.27,4.65,0.01
2023-07-28,30.3,56.06,4.57,0.0
2023-07-29,31.2,54.38,4.52,0.0
2023-07-30,31.87,51.96,4.5,0.01
2023-07-31,32.07,52.19,4.87,0.0
2023-08-01,31.95,51.2,5.24,0.0
2023-08-02,30.17,55.49,4.74,0.0
2023-08-03,31.6,54.23,4.54,0.0
2023-08-04,31.84,52.09,4.43,0.01
2023-08-05,32.09,50.39,3.81,0.0
2023-08-06,32.42,49.59,3.22,0.24
2023-08-07,32.2,51.2,2.7,0.18
2023-08-08,31.37,53.69,2.68,1.71
2023-08-09,30.14,64.3,2.01,12.02
2023-08-10,27.77,79.24,1.85,13.31
2023-08-11,28.6,73.89,1.08,9.74
2023-08-12,28.68,72.62,2.36,5.29
2023-08-13,28.78,70.02,2.15,1.55
2023-08-14,29.44,66.39,1.98,1.91
2023-08-15,29.6,65.21,2.31,0.9
2023-08-16,30.52,60.46,2.22,0.03
2023-08-17,31.04,56.92,3.28,0.0
2023-08-18,30.32,57.64,4.22,0.0
2023-08-19,30.31,58.42,4.22,0.0
2023-08-20,31.36,57.22,2.98,0.26
2023-08-21,31.32,58.25,2.17,0.8
2023-08-22,31.08,62.95,1.37,1.33
2023-08-23,29.98,65.94,1.48,1.44
2023-08-24,30.74,60.92,2.19,0.03
2023-08-25,30.49,59.94,1.95,0.0
2023-08-26,30.95,59.14,1.8,0.06
2023-08-27,30.75,62.7,1.96,1.29
2023-08-28,30.79,60.08,2.16,0.33
2023-08-29,28.2,71.61,1.57,12.67
2023-08-30,26.43,83.99,2.01,7.17
2023-08-31,27.26,81.06,1.39,26.92
2023-09-01,27.92,77.63,1.79,12.03
2023-09-02,28.46,74.81,2.5,5.48
2023-09-03,28.02,74.13,2.65,7.05
2023-09-04,28.05,68.76,3.53,0.09
2023-09-05,27.07,72.52,3.28,2.32
2023-09-06,27.45,69.37,3.15,2.7
2023-09-07,27.61,69.24,3.28,9.47
2023-09-08,28.23,65.31,3.69,1.17
2023-09-09,28.87,65.69,3.82,3.3
2023-09-10,28.28,65.51,3.72,0.09
2023-09-11,28.09,64.82,3.92,1.65
2023-09-12,27.4,70.76,2.91,1.42
2023-09-13,28.82,67.16,2.56,1.44
2023-09-14,29.32,62.5,3.66,1.32
2023-09-15,29.06,62.69,3.57,0.43
2023-09-16,28.9,68.0,2.69,1.43
2023-09-17,27.86,76.01,2.33,11.31
2023-09-18,28.4,75.54,2.41,5.61
2023-09-19,27.13,80.87,1.85,14.21
2023-09-20,27.17,77.62,1.24,1.4
2023-09-21,27.57,77.35,1.3,3.46
2023-09-22,27.99,74.95,1.74,2.2
2023-09-23,29.05,72.09,1.96,0.56
2023-09-24,27.61,75.26,2.52,1.12
2023-09-25,27.79,76.04,1.86,6.11
2023-09-26,27.56,77.61,1.42,2.49
2023-09-27,28.06,72.05,2.12,2.05
2023-09-28,27.59,70.38,3.0,4.88
2023-09-29,27.67,70.58,3.14,2.17
2023-09-30,28.14,68.97,2.83,3.54
2023-10-01,28.54,69.04,3.46,0.31
2023-10-02,28.8,69.36,2.99,0.04
2023-10-03,29.91,65.74,2.34,0.14
2023-10-04,29.8,64.47,1.92,0.31
2023-10-05,29.51,65.86,1.72,0.52
2023-10-06,29.45,61.07,1.87,0.44
2023-10-07,29.13,63.41,1.37,0.62
2023-10-08,29.28,69.67,1.66,0.83
2023-10-09,28.33,76.48,1.39,5.54
2023-10-10,28.83,74.43,1.53,5.08
2023-10-11,28.25,77.4,1.87,10.67
2023-10-12,28.14,78.4,1.58,5.0
2023-10-13,28.27,73.15,1.29,0.72
2023-10-14,27.49,77.73,0.92,5.02
2023-10-15,27.46,79.47,1.04,12.22
2023-10-16,27.26,83.54,0.99,22.68
2023-10-17,26.85,83.7,1.49,4.73
2023-10-18,26.91,78.01,1.83,0.86
2023-10-19,27.35,73.93,1.81,0.06
2023-10-20,27.46,71.66,1.67,0.09
2023-10-21,27.57,73.1,1.46,0.31
2023-10-22,27.91,72.76,1.93,0.8
2023-10-23,27.8,72.72,1.09,0.03
2023-10-24,27.66,71.59,1.1,0.14
2023-10-25,28.02,71.51,1.22,0.38
2023-10-26,28.22,69.07,1.47,0.06
2023-10-27,27.68,74.36,1.97,1.34
2023-10-28,27.97,73.39,1.83,1.44
2023-10-29,26.31,84.01,1.62,12.15
2023-10-30,25.47,85.27,1.31,6.8
2023-10-31,26.18,80.31,1.95,1.38
2023-11-01,26.24,87.79,2.24,8.73
2023-11-02,26.52,83.52,1.23,4.09
2023-11-03,25.95,88.09,1.36,14.31
2023-11-04,25.33,91.82,1.44,19.33
2023-11-05,24.99,86.78,1.19,5.27
2023-11-06,26.48,83.35,0.98,8.73
2023-11-07,25.7,89.44,1.17,18.72
2023-11-08,25.92,88.27,1.09,8.36
2023-11-09,25.65,85.55,1.17,9.56
2023-11-10,25.26,89.37,1.72,4.15
2023-11-11,24.97,87.25,2.13,1.29
2023-11-12,25.0,81.87,2.51,0.06
2023-11-13,25.43,84.84,2.38,3.64
2023-11-14,24.75,89.18,2.48,23.46
2023-11-15,25.32,88.06,2.28,1.61
2023-11-16,25.61,86.05,1.61,0.42
2023-11-17,26.33,84.04,1.79,0.91
2023-11-18,26.02,87.3,2.54,2.58
2023-11-19,25.63,88.39,2.44,0.66
2023-11-20,25.69,88.54,2.3,0.9
2023-11-21,25.74,88.48,1.78,2.12
2023-11-22,25.82,89.91,1.48,14.83
2023-11-23,25.6,86.87,1.24,4.16
2023-11-24,25.75,87.98,1.54,2.72
2023-11-25,25.84,88.54,2.38,8.04
2023-11-26,25.48,90.0,3.0,6.14
2023-11-27,25.84,87.72,2.15,1.99
2023-11-28,25.77,87.97,2.11,3.51
2023-11-29,25.44,87.93,2.08,5.78
2023-11-30,24.62,90.88,1.8,8.58
2023-12-01,24.99,90.1,2.02,1.97
2023-12-02,25.54,86.89,2.69,2.15
2023-12-03,25.83,87.68,2.16,1.5
2023-12-04,26.56,82.76,2.05,0.64
2023-12-05,26.85,82.21,1.75,0.62
2023-12-06,26.37,87.69,1.29,0.86
2023-12-07,26.91,84.76,1.37,0.64
2023-12-08,26.29,87.56,1.46,4.29
2023-12-09,25.83,86.94,2.27,1.9
2023-12-10,25.49,83.99,2.42,0.46
2023-12-11,24.92,83.45,2.46,0.18
2023-12-12,24.81,83.3,2.38,0.1
2023-12-13,23.84,81.08,2.67,0.0
2023-12-14,23.77,80.14,2.92,0.01
2023-12-15,24.35,85.92,3.15,1.27
2023-12-16,25.43,86.93,3.08,8.84
2023-12-17,24.82,88.69,3.65,10.01
2023-12-18,24.0,86.96,3.37,3.12
2023-12-19,23.8,83.2,3.13,0.37
2023-12-20,24.14,83.81,3.38,2.91
2023-12-21,23.89,88.09,2.92,1.92
2023-12-22,24.41,83.75,2.46,0.08
2023-12-23,23.22,79.84,2.36,0.01
2023-12-24,23.53,82.66,2.87,0.03
2023-12-25,25.28,83.91,3.46,0.78
2023-12-26,24.32,81.43,3.11,0.02
2023-12-27,24.27,80.52,3.4,0.15
2023-12-28,24.87,83.09,3.65,0.54
2023-12-29,25.43,81.65,3.62,0.22
2023-12-30,24.66,81.08,3.22,0.03
2023-12-31,23.81,79.21,2.54,0.0
